법정동코드,center_point,경도,위도,법정동명,level,sd_cd,sd_nm,sgg_cd,sgg_nm,emd_cd,sgg_cnt,sgg_list
1100000000,POINT (126.99180562599334 37.55190324917),126.99180562599334,37.55190324917,서울특별시,0,11,서울특별시,11000,,11000000,25,"['서울특별시 종로구' '서울특별시 중구' '서울특별시 용산구' '서울특별시 성동구' '서울특별시 광진구' '서울특별시 동대문구'
 '서울특별시 중랑구' '서울특별시 성북구' '서울특별시 강북구' '서울특별시 도봉구' '서울특별시 노원구' '서울특별시 은평구'
 '서울특별시 서대문구' '서울특별시 마포구' '서울특별시 양천구' '서울특별시 강서구' '서울특별시 구로구' '서울특별시 금천구'
 '서울특별시 영등포구' '서울특별시 동작구' '서울특별시 관악구' '서울특별시 서초구' '서울특별시 강남구' '서울특별시 송파구'
 '서울특별시 강동구']"
1111000000,POINT (126.97732129487213 37.59491731931452),126.97732129487213,37.59491731931452,서울특별시 종로구,1,11,서울특별시,11110,종로구,11110000,0,
1114000000,POINT (126.99596813970754 37.56014356455128),126.99596813970754,37.56014356455128,서울특별시 중구,1,11,서울특별시,11140,중구,11140000,0,
1117000000,POINT (126.9799069882358 37.53138496588151),126.9799069882358,37.53138496588151,서울특별시 용산구,1,11,서울특별시,11170,용산구,11170000,0,
1120000000,POINT (127.04105853332118 37.551029689134424),127.04105853332118,37.551029689134424,서울특별시 성동구,1,11,서울특별시,11200,성동구,11200000,0,
1121500000,POINT (127.08574409768117 37.546720237931474),127.08574409768117,37.546720237931474,서울특별시 광진구,1,11,서울특별시,11215,광진구,11215000,0,
1123000000,POINT (127.05484812780756 37.581956547893036),127.05484812780756,37.581956547893036,서울특별시 동대문구,1,11,서울특별시,11230,동대문구,11230000,0,
1126000000,POINT (127.09288317629846 37.59781737992498),127.09288317629846,37.59781737992498,서울특별시 중랑구,1,11,서울특별시,11260,중랑구,11260000,0,
1129000000,POINT (127.01757949116805 37.605701902396824),127.01757949116805,37.605701902396824,서울특별시 성북구,1,11,서울특별시,11290,성북구,11290000,0,
1130500000,POINT (127.0111889752399 37.64347391355864),127.0111889752399,37.64347391355864,서울특별시 강북구,1,11,서울특별시,11305,강북구,11305000,0,
1132000000,POINT (127.03236881955814 37.66910208028845),127.03236881955814,37.66910208028845,서울특별시 도봉구,1,11,서울특별시,11320,도봉구,11320000,0,
1135000000,POINT (127.07503686649142 37.65251032306269),127.07503686649142,37.65251032306269,서울특별시 노원구,1,11,서울특별시,11350,노원구,11350000,0,
1138000000,POINT (126.92702287719973 37.61921128257489),126.92702287719973,37.61921128257489,서울특별시 은평구,1,11,서울특별시,11380,은평구,11380000,0,
1141000000,POINT (126.93906309571523 37.577785309169954),126.93906309571523,37.577785309169954,서울특별시 서대문구,1,11,서울특별시,11410,서대문구,11410000,0,
1144000000,POINT (126.90827002744956 37.55931349255405),126.90827002744956,37.55931349255405,서울특별시 마포구,1,11,서울특별시,11440,마포구,11440000,0,
1147000000,POINT (126.85547766023458 37.524789410208285),126.85547766023458,37.524789410208285,서울특별시 양천구,1,11,서울특별시,11470,양천구,11470000,0,
1150000000,POINT (126.82280668970552 37.561235428012274),126.82280668970552,37.561235428012274,서울특별시 강서구,1,11,서울특별시,11500,강서구,11500000,0,
1153000000,POINT (126.85630057897222 37.49440542856186),126.85630057897222,37.49440542856186,서울특별시 구로구,1,11,서울특별시,11530,구로구,11530000,0,
1154500000,POINT (126.90082024440927 37.46056756493177),126.90082024440927,37.46056756493177,서울특별시 금천구,1,11,서울특별시,11545,금천구,11545000,0,
1156000000,POINT (126.91016946737669 37.5223082885753),126.91016946737669,37.5223082885753,서울특별시 영등포구,1,11,서울특별시,11560,영등포구,11560000,0,
1159000000,POINT (126.9516414543837 37.498876876071876),126.9516414543837,37.498876876071876,서울특별시 동작구,1,11,서울특별시,11590,동작구,11590000,0,
1162000000,POINT (126.94533715305033 37.46737569058798),126.94533715305033,37.46737569058798,서울특별시 관악구,1,11,서울특별시,11620,관악구,11620000,0,
1165000000,POINT (127.03122031111438 37.47329546734596),127.03122031111438,37.47329546734596,서울특별시 서초구,1,11,서울특별시,11650,서초구,11650000,0,
1168000000,POINT (127.06298520424792 37.49664389428779),127.06298520424792,37.49664389428779,서울특별시 강남구,1,11,서울특별시,11680,강남구,11680000,0,
1171000000,POINT (127.11529503972389 37.50561924154445),127.11529503972389,37.50561924154445,서울특별시 송파구,1,11,서울특별시,11710,송파구,11710000,0,
1174000000,POINT (127.14701184176552 37.5504502432305),127.14701184176552,37.5504502432305,서울특별시 강동구,1,11,서울특별시,11740,강동구,11740000,0,
2600000000,POINT (129.0603875423206 35.201609536900584),129.0603875423206,35.201609536900584,부산광역시,0,26,부산광역시,26000,,26000000,16,"['부산광역시 중구' '부산광역시 서구' '부산광역시 동구' '부산광역시 영도구' '부산광역시 부산진구' '부산광역시 동래구'
 '부산광역시 남구' '부산광역시 북구' '부산광역시 해운대구' '부산광역시 사하구' '부산광역시 금정구' '부산광역시 강서구'
 '부산광역시 연제구' '부산광역시 수영구' '부산광역시 사상구' '부산광역시 기장군']"
2611000000,POINT (129.03231145034638 35.10563635277929),129.03231145034638,35.10563635277929,부산광역시 중구,1,26,부산광역시,26110,중구,26110000,0,
2614000000,POINT (129.01491326262715 35.10295785971812),129.01491326262715,35.10295785971812,부산광역시 서구,1,26,부산광역시,26140,서구,26140000,0,
2617000000,POINT (129.04458557911178 35.129186316952264),129.04458557911178,35.129186316952264,부산광역시 동구,1,26,부산광역시,26170,동구,26170000,0,
2620000000,POINT (129.06482328776696 35.0786499762093),129.06482328776696,35.0786499762093,부산광역시 영도구,1,26,부산광역시,26200,영도구,26200000,0,
2623000000,POINT (129.0430603409617 35.16524411040766),129.0430603409617,35.16524411040766,부산광역시 부산진구,1,26,부산광역시,26230,부산진구,26230000,0,
2626000000,POINT (129.07922008699734 35.20621244135104),129.07922008699734,35.20621244135104,부산광역시 동래구,1,26,부산광역시,26260,동래구,26260000,0,
2629000000,POINT (129.09430684945312 35.12554764750397),129.09430684945312,35.12554764750397,부산광역시 남구,1,26,부산광역시,26290,남구,26290000,0,
2632000000,POINT (129.02346325575644 35.22924789232073),129.02346325575644,35.22924789232073,부산광역시 북구,1,26,부산광역시,26320,북구,26320000,0,
2635000000,POINT (129.1535899895856 35.19385512386304),129.1535899895856,35.19385512386304,부산광역시 해운대구,1,26,부산광역시,26350,해운대구,26350000,0,
2638000000,POINT (128.97380766524307 35.08887911580299),128.97380766524307,35.08887911580299,부산광역시 사하구,1,26,부산광역시,26380,사하구,26380000,0,
2641000000,POINT (129.0915287443504 35.25889374529874),129.0915287443504,35.25889374529874,부산광역시 금정구,1,26,부산광역시,26410,금정구,26410000,0,
2644000000,POINT (128.89240063276233 35.13834787362375),128.89240063276233,35.13834787362375,부산광역시 강서구,1,26,부산광역시,26440,강서구,26440000,0,
2647000000,POINT (129.08293526714792 35.182417980427175),129.08293526714792,35.182417980427175,부산광역시 연제구,1,26,부산광역시,26470,연제구,26470000,0,
2650000000,POINT (129.11120171810248 35.161307535009165),129.11120171810248,35.161307535009165,부산광역시 수영구,1,26,부산광역시,26500,수영구,26500000,0,
2653000000,POINT (128.9865923735508 35.158030968924145),128.9865923735508,35.158030968924145,부산광역시 사상구,1,26,부산광역시,26530,사상구,26530000,0,
2671000000,POINT (129.2009559930802 35.2980116551923),129.2009559930802,35.2980116551923,부산광역시 기장군,1,26,부산광역시,26710,기장군,26710000,0,
2700000000,POINT (128.59917423819087 35.96946841259647),128.59917423819087,35.96946841259647,대구광역시,0,27,대구광역시,27000,,27000000,9,"['대구광역시 중구' '대구광역시 동구' '대구광역시 서구' '대구광역시 남구' '대구광역시 북구' '대구광역시 수성구'
 '대구광역시 달서구' '대구광역시 달성군' '대구광역시 군위군']"
2711000000,POINT (128.5936058298973 35.866535287078875),128.5936058298973,35.866535287078875,대구광역시 중구,1,27,대구광역시,27110,중구,27110000,0,
2714000000,POINT (128.6856599198781 35.93442632696466),128.6856599198781,35.93442632696466,대구광역시 동구,1,27,대구광역시,27140,동구,27140000,0,
2717000000,POINT (128.54969760013887 35.87500167012131),128.54969760013887,35.87500167012131,대구광역시 서구,1,27,대구광역시,27170,서구,27170000,0,
2720000000,POINT (128.58532962764704 35.835177156626415),128.58532962764704,35.835177156626415,대구광역시 남구,1,27,대구광역시,27200,남구,27200000,0,
2723000000,POINT (128.57739940142085 35.92879662779665),128.57739940142085,35.92879662779665,대구광역시 북구,1,27,대구광역시,27230,북구,27230000,0,
2726000000,POINT (128.66127441262057 35.83384885992465),128.66127441262057,35.83384885992465,대구광역시 수성구,1,27,대구광역시,27260,수성구,27260000,0,
2729000000,POINT (128.52921214045293 35.82748309745462),128.52921214045293,35.82748309745462,대구광역시 달서구,1,27,대구광역시,27290,달서구,27290000,0,
2771000000,POINT (128.49822564361924 35.759715939474624),128.49822564361924,35.759715939474624,대구광역시 달성군,1,27,대구광역시,27710,달성군,27710000,0,
2772000000,POINT (128.64822460165743 36.17011208369447),128.64822460165743,36.17011208369447,대구광역시 군위군,1,27,대구광역시,27720,군위군,27720000,0,
2800000000,POINT (126.37920303028298 37.58366913851117),126.37920303028298,37.58366913851117,인천광역시,0,28,인천광역시,28000,,28000000,10,"['인천광역시 중구' '인천광역시 동구' '인천광역시 미추홀구' '인천광역시 연수구' '인천광역시 남동구' '인천광역시 부평구'
 '인천광역시 계양구' '인천광역시 서구' '인천광역시 강화군' '인천광역시 옹진군']"
2811000000,POINT (126.48282466087248 37.46909843223474),126.48282466087248,37.46909843223474,인천광역시 중구,1,28,인천광역시,28110,중구,28110000,0,
2814000000,POINT (126.63903338333755 37.48333879066716),126.63903338333755,37.48333879066716,인천광역시 동구,1,28,인천광역시,28140,동구,28140000,0,
2817700000,POINT (126.66465464686853 37.4525949143596),126.66465464686853,37.4525949143596,인천광역시 미추홀구,1,28,인천광역시,28177,미추홀구,28177000,0,
2818500000,POINT (126.64856282442582 37.39592101154916),126.64856282442582,37.39592101154916,인천광역시 연수구,1,28,인천광역시,28185,연수구,28185000,0,
2820000000,POINT (126.72657022071635 37.4311330039043),126.72657022071635,37.4311330039043,인천광역시 남동구,1,28,인천광역시,28200,남동구,28200000,0,
2823700000,POINT (126.72120944765086 37.49665874319289),126.72120944765086,37.49665874319289,인천광역시 부평구,1,28,인천광역시,28237,부평구,28237000,0,
2824500000,POINT (126.73469993000735 37.55729695926558),126.73469993000735,37.55729695926558,인천광역시 계양구,1,28,인천광역시,28245,계양구,28245000,0,
2826000000,POINT (126.6558210721649 37.55786765604944),126.6558210721649,37.55786765604944,인천광역시 서구,1,28,인천광역시,28260,서구,28260000,0,
2871000000,POINT (126.40208536016097 37.71244077960499),126.40208536016097,37.71244077960499,인천광역시 강화군,1,28,인천광역시,28710,강화군,28710000,0,
2872000000,POINT (125.63599069071144 37.54397066991381),125.63599069071144,37.54397066991381,인천광역시 옹진군,1,28,인천광역시,28720,옹진군,28720000,0,
2900000000,POINT (126.83543483014738 35.155737233249994),126.83543483014738,35.155737233249994,광주광역시,0,29,광주광역시,29000,,29000000,5,['광주광역시 동구' '광주광역시 서구' '광주광역시 남구' '광주광역시 북구' '광주광역시 광산구']
2911000000,POINT (126.94946427829282 35.11738023147197),126.94946427829282,35.11738023147197,광주광역시 동구,1,29,광주광역시,29110,동구,29110000,0,
2914000000,POINT (126.85071913996504 35.13569310897551),126.85071913996504,35.13569310897551,광주광역시 서구,1,29,광주광역시,29140,서구,29140000,0,
2915500000,POINT (126.85671809918249 35.094058246228016),126.85671809918249,35.094058246228016,광주광역시 남구,1,29,광주광역시,29155,남구,29155000,0,
2917000000,POINT (126.92548647859529 35.19324610781101),126.92548647859529,35.19324610781101,광주광역시 북구,1,29,광주광역시,29170,북구,29170000,0,
2920000000,POINT (126.75289521522147 35.165035015063125),126.75289521522147,35.165035015063125,광주광역시 광산구,1,29,광주광역시,29200,광산구,29200000,0,
3000000000,POINT (127.39401993834598 36.33972242888822),127.39401993834598,36.33972242888822,대전광역시,0,30,대전광역시,30000,,30000000,5,['대전광역시 동구' '대전광역시 중구' '대전광역시 서구' '대전광역시 유성구' '대전광역시 대덕구']
3011000000,POINT (127.47503742681833 36.32392023172134),127.47503742681833,36.32392023172134,대전광역시 동구,1,30,대전광역시,30110,동구,30110000,0,
3014000000,POINT (127.41105730842553 36.28086015083615),127.41105730842553,36.28086015083615,대전광역시 중구,1,30,대전광역시,30140,중구,30140000,0,
3017000000,POINT (127.3451041251579 36.28023962571523),127.3451041251579,36.28023962571523,대전광역시 서구,1,30,대전광역시,30170,서구,30170000,0,
3020000000,POINT (127.33312868347555 36.376611788297076),127.33312868347555,36.376611788297076,대전광역시 유성구,1,30,대전광역시,30200,유성구,30200000,0,
3023000000,POINT (127.44015180936023 36.41217868163981),127.44015180936023,36.41217868163981,대전광역시 대덕구,1,30,대전광역시,30230,대덕구,30230000,0,
3100000000,POINT (129.23801946724126 35.553776161104885),129.23801946724126,35.553776161104885,울산광역시,0,31,울산광역시,31000,,31000000,5,['울산광역시 중구' '울산광역시 남구' '울산광역시 동구' '울산광역시 북구' '울산광역시 울주군']
3111000000,POINT (129.30824285432786 35.57104933891135),129.30824285432786,35.57104933891135,울산광역시 중구,1,31,울산광역시,31110,중구,31110000,0,
3114000000,POINT (129.32820225903953 35.51604995526944),129.32820225903953,35.51604995526944,울산광역시 남구,1,31,울산광역시,31140,남구,31140000,0,
3117000000,POINT (129.42606551516607 35.52557365184745),129.42606551516607,35.52557365184745,울산광역시 동구,1,31,울산광역시,31170,동구,31170000,0,
3120000000,POINT (129.3798105060477 35.61005392205529),129.3798105060477,35.61005392205529,울산광역시 북구,1,31,울산광역시,31200,북구,31200000,0,
3171000000,POINT (129.18769388932955 35.54607928615692),129.18769388932955,35.54607928615692,울산광역시 울주군,1,31,울산광역시,31710,울주군,31710000,0,
3611000000,POINT (127.25878005171005 36.5606577077708),127.25878005171005,36.5606577077708,세종특별자치시,0,36,세종특별자치시,,,36110000,0,
4100000000,POINT (127.18056758531141 37.53320286205484),127.18056758531141,37.53320286205484,경기도,0,41,경기도,41000,,41000000,51,"['경기도 수원시' '경기도 수원시 장안구' '경기도 수원시 권선구' '경기도 수원시 팔달구' '경기도 수원시 영통구'
 '경기도 성남시' '경기도 성남시 수정구' '경기도 성남시 중원구' '경기도 성남시 분당구' '경기도 의정부시' '경기도 안양시'
 '경기도 안양시 만안구' '경기도 안양시 동안구' '경기도 부천시' '경기도 부천시 원미구' '경기도 부천시 소사구'
 '경기도 부천시 오정구' '경기도 광명시' '경기도 평택시' '경기도 동두천시' '경기도 안산시' '경기도 안산시 상록구'
 '경기도 안산시 단원구' '경기도 고양시' '경기도 고양시 덕양구' '경기도 고양시 일산동구' '경기도 고양시 일산서구'
 '경기도 과천시' '경기도 구리시' '경기도 남양주시' '경기도 오산시' '경기도 시흥시' '경기도 군포시' '경기도 의왕시'
 '경기도 하남시' '경기도 용인시' '경기도 용인시 처인구' '경기도 용인시 기흥구' '경기도 용인시 수지구' '경기도 파주시'
 '경기도 이천시' '경기도 안성시' '경기도 김포시' '경기도 화성시' '경기도 광주시' '경기도 양주시' '경기도 여주시'
 '경기도 포천시' '경기도 연천군' '경기도 가평군' '경기도 양평군']"
4111100000,POINT (127.0034517059281 37.313965694937224),127.0034517059281,37.313965694937224,경기도 수원시 장안구,1,41,경기도,41111,수원시 장안구,41111000,0,
4111300000,POINT (126.97975833095626 37.2605247600008),126.97975833095626,37.2605247600008,경기도 수원시 권선구,1,41,경기도,41113,수원시 권선구,41113000,0,
4111500000,POINT (127.01623866815792 37.27746362637728),127.01623866815792,37.27746362637728,경기도 수원시 팔달구,1,41,경기도,41115,수원시 팔달구,41115000,0,
4111700000,POINT (127.05672837215691 37.27501901178796),127.05672837215691,37.27501901178796,경기도 수원시 영통구,1,41,경기도,41117,수원시 영통구,41117000,0,
4113100000,POINT (127.10414520762345 37.43516624341919),127.10414520762345,37.43516624341919,경기도 성남시 수정구,1,41,경기도,41131,성남시 수정구,41131000,0,
4113300000,POINT (127.16390991313907 37.433433232303905),127.16390991313907,37.433433232303905,경기도 성남시 중원구,1,41,경기도,41133,성남시 중원구,41133000,0,
4113500000,POINT (127.10606401207816 37.379301565200336),127.10606401207816,37.379301565200336,경기도 성남시 분당구,1,41,경기도,41135,성남시 분당구,41135000,0,
4115000000,POINT (127.06842308117096 37.73619210869814),127.06842308117096,37.73619210869814,경기도 의정부시,1,41,경기도,41150,의정부시,41150000,0,
4119200000,POINT (126.77895041262455 37.49979869686777),126.77895041262455,37.49979869686777,경기도 부천시 원미구 ,1,41,경기도,41192,부천시 원미구,41192000,0,
4119400000,POINT (126.79680409309087 37.474937099455104),126.79680409309087,37.474937099455104,경기도 부천시 소사구 ,1,41,경기도,41194,부천시 소사구,41194000,0,
4119600000,POINT (126.79345003159929 37.52760186999502),126.79345003159929,37.52760186999502,경기도 부천시 오정구 ,1,41,경기도,41196,부천시 오정구,41196000,0,
4121000000,POINT (126.86469404702272 37.44516912060513),126.86469404702272,37.44516912060513,경기도 광명시,1,41,경기도,41210,광명시,41210000,0,
4122000000,POINT (126.98766360644548 37.011824785086645),126.98766360644548,37.011824785086645,경기도 평택시,1,41,경기도,41220,평택시,41220000,0,
4125000000,POINT (127.07791273150256 37.916537608055755),127.07791273150256,37.916537608055755,경기도 동두천시,1,41,경기도,41250,동두천시,41250000,0,
4129000000,POINT (127.00267946696805 37.43384528510621),127.00267946696805,37.43384528510621,경기도 과천시,1,41,경기도,41290,과천시,41290000,0,
4131000000,POINT (127.13123117667298 37.59921886460282),127.13123117667298,37.59921886460282,경기도 구리시,1,41,경기도,41310,구리시,41310000,0,
4136000000,POINT (127.24366064478095 37.66252981361951),127.24366064478095,37.66252981361951,경기도 남양주시,1,41,경기도,41360,남양주시,41360000,0,
4137000000,POINT (127.05132966729167 37.16329067957575),127.05132966729167,37.16329067957575,경기도 오산시,1,41,경기도,41370,오산시,41370000,0,
4139000000,POINT (126.78396835597864 37.386243615893),126.78396835597864,37.386243615893,경기도 시흥시,1,41,경기도,41390,시흥시,41390000,0,
4141000000,POINT (126.92111229776978 37.34347232527181),126.92111229776978,37.34347232527181,경기도 군포시,1,41,경기도,41410,군포시,41410000,0,
4143000000,POINT (126.98962545609598 37.362387744224534),126.98962545609598,37.362387744224534,경기도 의왕시,1,41,경기도,41430,의왕시,41430000,0,
4145000000,POINT (127.20594379921027 37.5228141773234),127.20594379921027,37.5228141773234,경기도 하남시,1,41,경기도,41450,하남시,41450000,0,
4148000000,POINT (126.80935598330282 37.85553876689711),126.80935598330282,37.85553876689711,경기도 파주시,1,41,경기도,41480,파주시,41480000,0,
4150000000,POINT (127.48101484129096 37.2097848689282),127.48101484129096,37.2097848689282,경기도 이천시,1,41,경기도,41500,이천시,41500000,0,
4155000000,POINT (127.30272229212862 37.035027054142105),127.30272229212862,37.035027054142105,경기도 안성시,1,41,경기도,41550,안성시,41550000,0,
4157000000,POINT (126.6264306223875 37.68177237280791),126.6264306223875,37.68177237280791,경기도 김포시,1,41,경기도,41570,김포시,41570000,0,
4159000000,POINT (126.874858719182 37.16523514416565),126.874858719182,37.16523514416565,경기도 화성시,1,41,경기도,41590,화성시,41590000,0,
4161000000,POINT (127.30117595196099 37.40309074112018),127.30117595196099,37.40309074112018,경기도 광주시,1,41,경기도,41610,광주시,41610000,0,
4163000000,POINT (127.00113490289873 37.80865755824109),127.00113490289873,37.80865755824109,경기도 양주시,1,41,경기도,41630,양주시,41630000,0,
4165000000,POINT (127.25033728030428 37.96977801076034),127.25033728030428,37.96977801076034,경기도 포천시,1,41,경기도,41650,포천시,41650000,0,
4167000000,POINT (127.61573734497834 37.30245841904507),127.61573734497834,37.30245841904507,경기도 여주시,1,41,경기도,41670,여주시,41670000,0,
4180000000,POINT (127.0244563968521 38.09272994788251),127.0244563968521,38.09272994788251,경기도 연천군,1,41,경기도,41800,연천군,41800000,0,
4182000000,POINT (127.45019213108927 37.81843317158755),127.45019213108927,37.81843317158755,경기도 가평군,1,41,경기도,41820,가평군,41820000,0,
4183000000,POINT (127.57926446035343 37.518055848664936),127.57926446035343,37.518055848664936,경기도 양평군,1,41,경기도,41830,양평군,41830000,0,
4300000000,POINT (127.83044514368898 36.737887041569785),127.83044514368898,36.737887041569785,충청북도,0,43,충청북도,43000,,43000000,15,"['충청북도 청주시' '충청북도 청주시 상당구' '충청북도 청주시 서원구' '충청북도 청주시 흥덕구' '충청북도 청주시 청원구'
 '충청북도 충주시' '충청북도 제천시' '충청북도 보은군' '충청북도 옥천군' '충청북도 영동군' '충청북도 증평군'
 '충청북도 진천군' '충청북도 괴산군' '충청북도 음성군' '충청북도 단양군']"
4311100000,POINT (127.5848818454829 36.59211257410555),127.5848818454829,36.59211257410555,충청북도 청주시 상당구,1,43,충청북도,43111,청주시 상당구,43111000,0,
4311200000,POINT (127.43840329587016 36.547265056023406),127.43840329587016,36.547265056023406,충청북도 청주시 서원구,1,43,충청북도,43112,청주시 서원구,43112000,0,
4311300000,POINT (127.369274883973 36.646960762585906),127.369274883973,36.646960762585906,충청북도 청주시 흥덕구,1,43,충청북도,43113,청주시 흥덕구,43113000,0,
4311400000,POINT (127.49131761721686 36.72057891408072),127.49131761721686,36.72057891408072,충청북도 청주시 청원구,1,43,충청북도,43114,청주시 청원구,43114000,0,
4313000000,POINT (127.89566226479334 37.01519694223055),127.89566226479334,37.01519694223055,충청북도 충주시,1,43,충청북도,43130,충주시,43130000,0,
4315000000,POINT (128.14095929826357 37.05991183200859),128.14095929826357,37.05991183200859,충청북도 제천시,1,43,충청북도,43150,제천시,43150000,0,
4372000000,POINT (127.72933567152747 36.48994958770059),127.72933567152747,36.48994958770059,충청북도 보은군,1,43,충청북도,43720,보은군,43720000,0,
4373000000,POINT (127.6565588576771 36.320456113117864),127.6565588576771,36.320456113117864,충청북도 옥천군,1,43,충청북도,43730,옥천군,43730000,0,
4374000000,POINT (127.81422814362863 36.15965895654316),127.81422814362863,36.15965895654316,충청북도 영동군,1,43,충청북도,43740,영동군,43740000,0,
4374500000,POINT (127.60461807823255 36.786473013507354),127.60461807823255,36.786473013507354,충청북도 증평군,1,43,충청북도,43745,증평군,43745000,0,
4375000000,POINT (127.440463550866 36.87099951937492),127.440463550866,36.87099951937492,충청북도 진천군,1,43,충청북도,43750,진천군,43750000,0,
4376000000,POINT (127.8295881245425 36.769659025419884),127.8295881245425,36.769659025419884,충청북도 괴산군,1,43,충청북도,43760,괴산군,43760000,0,
4377000000,POINT (127.61420676964912 36.97622261439256),127.61420676964912,36.97622261439256,충청북도 음성군,1,43,충청북도,43770,음성군,43770000,0,
4380000000,POINT (128.38784162081097 36.99445276246436),128.38784162081097,36.99445276246436,충청북도 단양군,1,43,충청북도,43800,단양군,43800000,0,
4400000000,POINT (126.84945691255321 36.52911259486077),126.84945691255321,36.52911259486077,충청남도,0,44,충청남도,44000,,44000000,17,"['충청남도 천안시' '충청남도 천안시 동남구' '충청남도 천안시 서북구' '충청남도 공주시' '충청남도 보령시' '충청남도 아산시'
 '충청남도 서산시' '충청남도 논산시' '충청남도 계룡시' '충청남도 당진시' '충청남도 금산군' '충청남도 부여군'
 '충청남도 서천군' '충청남도 청양군' '충청남도 홍성군' '충청남도 예산군' '충청남도 태안군']"
4415000000,POINT (127.07521911409202 36.47981976191604),127.07521911409202,36.47981976191604,충청남도 공주시,1,44,충청남도,44150,공주시,44150000,0,
4418000000,POINT (126.59295739137033 36.3432836535941),126.59295739137033,36.3432836535941,충청남도 보령시,1,44,충청남도,44180,보령시,44180000,0,
4420000000,POINT (126.98007557008229 36.80731633434075),126.98007557008229,36.80731633434075,충청남도 아산시,1,44,충청남도,44200,아산시,44200000,0,
4421000000,POINT (126.46360158405008 36.78399345575373),126.46360158405008,36.78399345575373,충청남도 서산시,1,44,충청남도,44210,서산시,44210000,0,
4423000000,POINT (127.1577163766557 36.19088691334221),127.1577163766557,36.19088691334221,충청남도 논산시,1,44,충청남도,44230,논산시,44230000,0,
4425000000,POINT (127.23442661184966 36.29159369754008),127.23442661184966,36.29159369754008,충청남도 계룡시,1,44,충청남도,44250,계룡시,44250000,0,
4427000000,POINT (126.6529575008709 36.903388350171156),126.6529575008709,36.903388350171156,충청남도 당진시,1,44,충청남도,44270,당진시,44270000,0,
4471000000,POINT (127.47831188873236 36.11900080626743),127.47831188873236,36.11900080626743,충청남도 금산군,1,44,충청남도,44710,금산군,44710000,0,
4476000000,POINT (126.85696764162888 36.246383897232604),126.85696764162888,36.246383897232604,충청남도 부여군,1,44,충청남도,44760,부여군,44760000,0,
4477000000,POINT (126.70426375356195 36.10678072364822),126.70426375356195,36.10678072364822,충청남도 서천군,1,44,충청남도,44770,서천군,44770000,0,
4479000000,POINT (126.85311311134804 36.43058295882931),126.85311311134804,36.43058295882931,충청남도 청양군,1,44,충청남도,44790,청양군,44790000,0,
4480000000,POINT (126.62582959709587 36.57008948853029),126.62582959709587,36.57008948853029,충청남도 홍성군,1,44,충청남도,44800,홍성군,44800000,0,
4481000000,POINT (126.78430999014448 36.67062861842068),126.78430999014448,36.67062861842068,충청남도 예산군,1,44,충청남도,44810,예산군,44810000,0,
4482500000,POINT (126.2804466809991 36.70772708903862),126.2804466809991,36.70772708903862,충청남도 태안군,1,44,충청남도,44825,태안군,44825000,0,
4600000000,POINT (126.89978297005999 34.87544909252954),126.89978297005999,34.87544909252954,전라남도,0,46,전라남도,46000,,46000000,22,"['전라남도 목포시' '전라남도 여수시' '전라남도 순천시' '전라남도 나주시' '전라남도 광양시' '전라남도 담양군'
 '전라남도 곡성군' '전라남도 구례군' '전라남도 고흥군' '전라남도 보성군' '전라남도 화순군' '전라남도 장흥군'
 '전라남도 강진군' '전라남도 해남군' '전라남도 영암군' '전라남도 무안군' '전라남도 함평군' '전라남도 영광군'
 '전라남도 장성군' '전라남도 완도군' '전라남도 진도군' '전라남도 신안군']"
4611000000,POINT (126.3918352798842 34.8037641607386),126.3918352798842,34.8037641607386,전라남도 목포시,1,46,전라남도,46110,목포시,46110000,0,
4613000000,POINT (127.65325585118073 34.69856916916984),127.65325585118073,34.69856916916984,전라남도 여수시,1,46,전라남도,46130,여수시,46130000,0,
4615000000,POINT (127.38916272922611 34.99474505514379),127.38916272922611,34.99474505514379,전라남도 순천시,1,46,전라남도,46150,순천시,46150000,0,
4617000000,POINT (126.72041032044052 34.98858939502458),126.72041032044052,34.98858939502458,전라남도 나주시,1,46,전라남도,46170,나주시,46170000,0,
4623000000,POINT (127.65507339287335 35.02065028120709),127.65507339287335,35.02065028120709,전라남도 광양시,1,46,전라남도,46230,광양시,46230000,0,
4671000000,POINT (126.99529085588003 35.29149510320821),126.99529085588003,35.29149510320821,전라남도 담양군,1,46,전라남도,46710,담양군,46710000,0,
4672000000,POINT (127.26358252148191 35.21661355264953),127.26358252148191,35.21661355264953,전라남도 곡성군,1,46,전라남도,46720,곡성군,46720000,0,
4673000000,POINT (127.50311925226208 35.236766215530956),127.50311925226208,35.236766215530956,전라남도 구례군,1,46,전라남도,46730,구례군,46730000,0,
4677000000,POINT (127.3146204968089 34.59848495442526),127.3146204968089,34.59848495442526,전라남도 고흥군,1,46,전라남도,46770,고흥군,46770000,0,
4678000000,POINT (127.16212135653028 34.814374897543225),127.16212135653028,34.814374897543225,전라남도 보성군,1,46,전라남도,46780,보성군,46780000,0,
4679000000,POINT (127.03343353596728 35.00818572658455),127.03343353596728,35.00818572658455,전라남도 화순군,1,46,전라남도,46790,화순군,46790000,0,
4680000000,POINT (126.92154454761793 34.67645821610367),126.92154454761793,34.67645821610367,전라남도 장흥군,1,46,전라남도,46800,장흥군,46800000,0,
4681000000,POINT (126.77215628637722 34.62040996783172),126.77215628637722,34.62040996783172,전라남도 강진군,1,46,전라남도,46810,강진군,46810000,0,
4682000000,POINT (126.51171496166585 34.55867227849954),126.51171496166585,34.55867227849954,전라남도 해남군,1,46,전라남도,46820,해남군,46820000,0,
4683000000,POINT (126.62349913353842 34.795820057939274),126.62349913353842,34.795820057939274,전라남도 영암군,1,46,전라남도,46830,영암군,46830000,0,
4684000000,POINT (126.4259045843477 34.95320455792379),126.4259045843477,34.95320455792379,전라남도 무안군,1,46,전라남도,46840,무안군,46840000,0,
4686000000,POINT (126.53560407321595 35.11267053545887),126.53560407321595,35.11267053545887,전라남도 함평군,1,46,전라남도,46860,함평군,46860000,0,
4687000000,POINT (126.45312929015951 35.27848602889612),126.45312929015951,35.27848602889612,전라남도 영광군,1,46,전라남도,46870,영광군,46870000,0,
4688000000,POINT (126.7684948991351 35.32956436549386),126.7684948991351,35.32956436549386,전라남도 장성군,1,46,전라남도,46880,장성군,46880000,0,
4689000000,POINT (126.77680685666517 34.29557932882547),126.77680685666517,34.29557932882547,전라남도 완도군,1,46,전라남도,46890,완도군,46890000,0,
4690000000,POINT (126.21505784478965 34.439396381010816),126.21505784478965,34.439396381010816,전라남도 진도군,1,46,전라남도,46900,진도군,46900000,0,
4691000000,POINT (126.0489070274241 34.81240654271833),126.0489070274241,34.81240654271833,전라남도 신안군,1,46,전라남도,46910,신안군,46910000,0,
4700000000,POINT (128.75181948259834 36.353471407813444),128.75181948259834,36.353471407813444,경상북도,0,47,경상북도,47000,,47000000,24,"['경상북도 포항시' '경상북도 포항시 남구' '경상북도 포항시 북구' '경상북도 경주시' '경상북도 김천시' '경상북도 안동시'
 '경상북도 구미시' '경상북도 영주시' '경상북도 영천시' '경상북도 상주시' '경상북도 문경시' '경상북도 경산시'
 '경상북도 의성군' '경상북도 청송군' '경상북도 영양군' '경상북도 영덕군' '경상북도 청도군' '경상북도 고령군'
 '경상북도 성주군' '경상북도 칠곡군' '경상북도 예천군' '경상북도 봉화군' '경상북도 울진군' '경상북도 울릉군']"
4711100000,POINT (129.43761667189432 35.958394554175214),129.43761667189432,35.958394554175214,경상북도 포항시 남구,1,47,경상북도,47111,포항시 남구,47111000,0,
4711300000,POINT (129.23405313975047 36.16505498769309),129.23405313975047,36.16505498769309,경상북도 포항시 북구,1,47,경상북도,47113,포항시 북구,47113000,0,
4713000000,POINT (129.23592962769715 35.826642801502295),129.23592962769715,35.826642801502295,경상북도 경주시,1,47,경상북도,47130,경주시,47130000,0,
4715000000,POINT (128.07770754912465 36.060423858871786),128.07770754912465,36.060423858871786,경상북도 김천시,1,47,경상북도,47150,김천시,47150000,0,
4717000000,POINT (128.7800426838693 36.58024220560225),128.7800426838693,36.58024220560225,경상북도 안동시,1,47,경상북도,47170,안동시,47170000,0,
4719000000,POINT (128.35555547951435 36.2073096409227),128.35555547951435,36.2073096409227,경상북도 구미시,1,47,경상북도,47190,구미시,47190000,0,
4721000000,POINT (128.59768227004173 36.870475417577836),128.59768227004173,36.870475417577836,경상북도 영주시,1,47,경상북도,47210,영주시,47210000,0,
4723000000,POINT (128.9426240155072 36.01577843869439),128.9426240155072,36.01577843869439,경상북도 영천시,1,47,경상북도,47230,영천시,47230000,0,
4725000000,POINT (128.06700702168322 36.429502341579685),128.06700702168322,36.429502341579685,경상북도 상주시,1,47,경상북도,47250,상주시,47250000,0,
4728000000,POINT (128.1486081747751 36.69079151348536),128.1486081747751,36.69079151348536,경상북도 문경시,1,47,경상북도,47280,문경시,47280000,0,
4729000000,POINT (128.8090551504261 35.83406006841618),128.8090551504261,35.83406006841618,경상북도 경산시,1,47,경상북도,47290,경산시,47290000,0,
4773000000,POINT (128.61506730951555 36.36204451290948),128.61506730951555,36.36204451290948,경상북도 의성군,1,47,경상북도,47730,의성군,47730000,0,
4775000000,POINT (129.05738517931132 36.35697642788724),129.05738517931132,36.35697642788724,경상북도 청송군,1,47,경상북도,47750,청송군,47750000,0,
4776000000,POINT (129.14503079100254 36.69637919192209),129.14503079100254,36.69637919192209,경상북도 영양군,1,47,경상북도,47760,영양군,47760000,0,
4777000000,POINT (129.31737621079733 36.48238769454486),129.31737621079733,36.48238769454486,경상북도 영덕군,1,47,경상북도,47770,영덕군,47770000,0,
4782000000,POINT (128.78652700766986 35.67297478088207),128.78652700766986,35.67297478088207,경상북도 청도군,1,47,경상북도,47820,청도군,47820000,0,
4783000000,POINT (128.30644958123816 35.736997578286406),128.30644958123816,35.736997578286406,경상북도 고령군,1,47,경상북도,47830,고령군,47830000,0,
4784000000,POINT (128.23339308163682 35.90722342159603),128.23339308163682,35.90722342159603,경상북도 성주군,1,47,경상북도,47840,성주군,47840000,0,
4785000000,POINT (128.46258382615196 36.01551131112415),128.46258382615196,36.01551131112415,경상북도 칠곡군,1,47,경상북도,47850,칠곡군,47850000,0,
4790000000,POINT (128.42238404626127 36.653845272458376),128.42238404626127,36.653845272458376,경상북도 예천군,1,47,경상북도,47900,예천군,47900000,0,
4792000000,POINT (128.91297926487573 36.93416216064347),128.91297926487573,36.93416216064347,경상북도 봉화군,1,47,경상북도,47920,봉화군,47920000,0,
4793000000,POINT (129.3123494660512 36.90389727653257),129.3123494660512,36.90389727653257,경상북도 울진군,1,47,경상북도,47930,울진군,47930000,0,
4794000000,POINT (130.86418801194677 37.5019696888155),130.86418801194677,37.5019696888155,경상북도 울릉군,1,47,경상북도,47940,울릉군,47940000,0,
4800000000,POINT (128.26160850999105 35.324092703758716),128.26160850999105,35.324092703758716,경상남도,0,48,경상남도,48000,,48000000,23,"['경상남도 창원시' '경상남도 창원시 의창구' '경상남도 창원시 성산구' '경상남도 창원시 마산합포구'
 '경상남도 창원시 마산회원구' '경상남도 창원시 진해구' '경상남도 진주시' '경상남도 통영시' '경상남도 사천시'
 '경상남도 김해시' '경상남도 밀양시' '경상남도 거제시' '경상남도 양산시' '경상남도 의령군' '경상남도 함안군'
 '경상남도 창녕군' '경상남도 고성군' '경상남도 남해군' '경상남도 하동군' '경상남도 산청군' '경상남도 함양군'
 '경상남도 거창군' '경상남도 합천군']"
4812100000,POINT (128.6490422099823 35.31161419806925),128.6490422099823,35.31161419806925,경상남도 창원시 의창구,1,48,경상남도,48121,창원시 의창구,48121000,0,
4812300000,POINT (128.67159891345247 35.198872647066466),128.67159891345247,35.198872647066466,경상남도 창원시 성산구,1,48,경상남도,48123,창원시 성산구,48123000,0,
4812500000,POINT (128.48561068060658 35.13558756324002),128.48561068060658,35.13558756324002,경상남도 창원시 마산합포구,1,48,경상남도,48125,창원시 마산합포구,48125000,0,
4812700000,POINT (128.53643316420874 35.23222658763638),128.53643316420874,35.23222658763638,경상남도 창원시 마산회원구,1,48,경상남도,48127,창원시 마산회원구,48127000,0,
4812900000,POINT (128.7363008264521 35.12994945371684),128.7363008264521,35.12994945371684,경상남도 창원시 진해구,1,48,경상남도,48129,창원시 진해구,48129000,0,
4817000000,POINT (128.12980113082705 35.2051576458618),128.12980113082705,35.2051576458618,경상남도 진주시,1,48,경상남도,48170,진주시,48170000,0,
4822000000,POINT (128.37443808206208 34.829574921330426),128.37443808206208,34.829574921330426,경상남도 통영시,1,48,경상남도,48220,통영시,48220000,0,
4824000000,POINT (128.0376963483066 35.04970341309067),128.0376963483066,35.04970341309067,경상남도 사천시,1,48,경상남도,48240,사천시,48240000,0,
4825000000,POINT (128.84521575541794 35.27215642057577),128.84521575541794,35.27215642057577,경상남도 김해시,1,48,경상남도,48250,김해시,48250000,0,
4827000000,POINT (128.7896014508727 35.498499696295156),128.7896014508727,35.498499696295156,경상남도 밀양시,1,48,경상남도,48270,밀양시,48270000,0,
4831000000,POINT (128.62313601517502 34.87061775278527),128.62313601517502,34.87061775278527,경상남도 거제시,1,48,경상남도,48310,거제시,48310000,0,
4833000000,POINT (129.04104144169284 35.40188821023648),129.04104144169284,35.40188821023648,경상남도 양산시,1,48,경상남도,48330,양산시,48330000,0,
4872000000,POINT (128.27705779664174 35.392431016129315),128.27705779664174,35.392431016129315,경상남도 의령군,1,48,경상남도,48720,의령군,48720000,0,
4873000000,POINT (128.43087688951496 35.29100280726359),128.43087688951496,35.29100280726359,경상남도 함안군,1,48,경상남도,48730,함안군,48730000,0,
4874000000,POINT (128.4930519257513 35.5082277302913),128.4930519257513,35.5082277302913,경상남도 창녕군,1,48,경상남도,48740,창녕군,48740000,0,
4882000000,POINT (128.29066319138013 35.01630447268652),128.29066319138013,35.01630447268652,경상남도 고성군,1,48,경상남도,48820,고성군,48820000,0,
4884000000,POINT (127.94114052543028 34.81829097964936),127.94114052543028,34.81829097964936,경상남도 남해군,1,48,경상남도,48840,남해군,48840000,0,
4885000000,POINT (127.77904900000638 35.13830462547407),127.77904900000638,35.13830462547407,경상남도 하동군,1,48,경상남도,48850,하동군,48850000,0,
4886000000,POINT (127.8843379196125 35.368597360549266),127.8843379196125,35.368597360549266,경상남도 산청군,1,48,경상남도,48860,산청군,48860000,0,
4887000000,POINT (127.72204105707732 35.55160170596964),127.72204105707732,35.55160170596964,경상남도 함양군,1,48,경상남도,48870,함양군,48870000,0,
4888000000,POINT (127.90416955131059 35.73255219284237),127.90416955131059,35.73255219284237,경상남도 거창군,1,48,경상남도,48880,거창군,48880000,0,
4889000000,POINT (128.14154370388846 35.57657745488017),128.14154370388846,35.57657745488017,경상남도 합천군,1,48,경상남도,48890,합천군,48890000,0,
5000000000,POINT (126.55365736671902 33.38699881078773),126.55365736671902,33.38699881078773,제주특별자치도,0,50,제주특별자치도,50000,,50000000,2,['제주특별자치도 제주시' '제주특별자치도 서귀포시']
5011000000,POINT (126.5292476123297 33.44220187918116),126.5292476123297,33.44220187918116,제주특별자치도 제주시,1,50,제주특별자치도,50110,제주시,50110000,0,
5013000000,POINT (126.58103858351629 33.3249819065177),126.58103858351629,33.3249819065177,제주특별자치도 서귀포시,1,50,제주특별자치도,50130,서귀포시,50130000,0,
5100000000,POINT (128.3034418076647 37.718291390996875),128.3034418076647,37.718291390996875,강원특별자치도,0,51,강원특별자치도,51000,,51000000,18,"['강원특별자치도 춘천시' '강원특별자치도 원주시' '강원특별자치도 강릉시' '강원특별자치도 동해시' '강원특별자치도 태백시'
 '강원특별자치도 속초시' '강원특별자치도 삼척시' '강원특별자치도 홍천군' '강원특별자치도 횡성군' '강원특별자치도 영월군'
 '강원특별자치도 평창군' '강원특별자치도 정선군' '강원특별자치도 철원군' '강원특별자치도 화천군' '강원특별자치도 양구군'
 '강원특별자치도 인제군' '강원특별자치도 고성군' '강원특별자치도 양양군']"
5111000000,POINT (127.73986844390421 37.889796786692614),127.73986844390421,37.889796786692614,강원특별자치도 춘천시,1,51,강원특별자치도,51110,춘천시,51110000,0,
5113000000,POINT (127.92952533432697 37.308222877374256),127.92952533432697,37.308222877374256,강원특별자치도 원주시,1,51,강원특별자치도,51130,원주시,51130000,0,
5115000000,POINT (128.83237885990397 37.70910197240715),128.83237885990397,37.70910197240715,강원특별자치도 강릉시,1,51,강원특별자치도,51150,강릉시,51150000,0,
5117000000,POINT (129.05562761624958 37.5067198236801),129.05562761624958,37.5067198236801,강원특별자치도 동해시,1,51,강원특별자치도,51170,동해시,51170000,0,
5119000000,POINT (128.98007261254227 37.172312409606235),128.98007261254227,37.172312409606235,강원특별자치도 태백시,1,51,강원특별자치도,51190,태백시,51190000,0,
5121000000,POINT (128.5195484084118 38.176031154925646),128.5195484084118,38.176031154925646,강원특별자치도 속초시,1,51,강원특별자치도,51210,속초시,51210000,0,
5123000000,POINT (129.12189857342594 37.277449224962645),129.12189857342594,37.277449224962645,강원특별자치도 삼척시,1,51,강원특별자치도,51230,삼척시,51230000,0,
5172000000,POINT (128.07426085106866 37.745049065179735),128.07426085106866,37.745049065179735,강원특별자치도 홍천군,1,51,강원특별자치도,51720,홍천군,51720000,0,
5173000000,POINT (128.07706739941187 37.509142070862055),128.07706739941187,37.509142070862055,강원특별자치도 횡성군,1,51,강원특별자치도,51730,횡성군,51730000,0,
5175000000,POINT (128.50029603418326 37.20411361394835),128.50029603418326,37.20411361394835,강원특별자치도 영월군,1,51,강원특별자치도,51750,영월군,51750000,0,
5176000000,POINT (128.48258998892823 37.55683920922773),128.48258998892823,37.55683920922773,강원특별자치도 평창군,1,51,강원특별자치도,51760,평창군,51760000,0,
5177000000,POINT (128.73906316457604 37.37868629194697),128.73906316457604,37.37868629194697,강원특별자치도 정선군,1,51,강원특별자치도,51770,정선군,51770000,0,
5178000000,POINT (127.39892439520284 38.23908522780514),127.39892439520284,38.23908522780514,강원특별자치도 철원군,1,51,강원특별자치도,51780,철원군,51780000,0,
5179000000,POINT (127.68516571250542 38.13842628338972),127.68516571250542,38.13842628338972,강원특별자치도 화천군,1,51,강원특별자치도,51790,화천군,51790000,0,
5180000000,POINT (128.00020637555988 38.175608792939585),128.00020637555988,38.175608792939585,강원특별자치도 양구군,1,51,강원특별자치도,51800,양구군,51800000,0,
5181000000,POINT (128.2647271531638 38.064600261147696),128.2647271531638,38.064600261147696,강원특별자치도 인제군,1,51,강원특별자치도,51810,인제군,51810000,0,
5182000000,POINT (128.41115552758248 38.36275363231345),128.41115552758248,38.36275363231345,강원특별자치도 고성군,1,51,강원특별자치도,51820,고성군,51820000,0,
5183000000,POINT (128.59510413238442 38.00451049479187),128.59510413238442,38.00451049479187,강원특별자치도 양양군,1,51,강원특별자치도,51830,양양군,51830000,0,
5200000000,POINT (127.14244454313007 35.71574153407736),127.14244454313007,35.71574153407736,전북특별자치도,0,52,전북특별자치도,52000,,52000000,16,"['전북특별자치도 전주시' '전북특별자치도 전주시 완산구' '전북특별자치도 전주시 덕진구' '전북특별자치도 군산시'
 '전북특별자치도 익산시' '전북특별자치도 정읍시' '전북특별자치도 남원시' '전북특별자치도 김제시' '전북특별자치도 완주군'
 '전북특별자치도 진안군' '전북특별자치도 무주군' '전북특별자치도 장수군' '전북특별자치도 임실군' '전북특별자치도 순창군'
 '전북특별자치도 고창군' '전북특별자치도 부안군']"
5213000000,POINT (126.72601524624814 35.95043894302646),126.72601524624814,35.95043894302646,전북특별자치도 군산시,1,52,전북특별자치도,52130,군산시,52130000,0,
5214000000,POINT (126.98951016982639 36.023105554004644),126.98951016982639,36.023105554004644,전북특별자치도 익산시,1,52,전북특별자치도,52140,익산시,52140000,0,
5218000000,POINT (126.90585754449349 35.602624660365535),126.90585754449349,35.602624660365535,전북특별자치도 정읍시,1,52,전북특별자치도,52180,정읍시,52180000,0,
5219000000,POINT (127.4418897373695 35.42254479694796),127.4418897373695,35.42254479694796,전북특별자치도 남원시,1,52,전북특별자치도,52190,남원시,52190000,0,
5221000000,POINT (126.8948856957777 35.80671644402007),126.8948856957777,35.80671644402007,전북특별자치도 김제시,1,52,전북특별자치도,52210,김제시,52210000,0,
5271000000,POINT (127.21511463750768 35.918614444231736),127.21511463750768,35.918614444231736,전북특별자치도 완주군,1,52,전북특별자치도,52710,완주군,52710000,0,
5272000000,POINT (127.43003544126422 35.828807454224915),127.43003544126422,35.828807454224915,전북특별자치도 진안군,1,52,전북특별자치도,52720,진안군,52720000,0,
5273000000,POINT (127.71295311066483 35.93936735724375),127.71295311066483,35.93936735724375,전북특별자치도 무주군,1,52,전북특별자치도,52730,무주군,52730000,0,
5274000000,POINT (127.54426407333824 35.657460976652644),127.54426407333824,35.657460976652644,전북특별자치도 장수군,1,52,전북특별자치도,52740,장수군,52740000,0,
5275000000,POINT (127.23666221372446 35.59824238567515),127.23666221372446,35.59824238567515,전북특별자치도 임실군,1,52,전북특별자치도,52750,임실군,52750000,0,
5277000000,POINT (127.0900869739092 35.433634301889796),127.0900869739092,35.433634301889796,전북특별자치도 순창군,1,52,전북특별자치도,52770,순창군,52770000,0,
5279000000,POINT (126.61604618382057 35.448167571267604),126.61604618382057,35.448167571267604,전북특별자치도 고창군,1,52,전북특별자치도,52790,고창군,52790000,0,
5280000000,POINT (126.64435601774672 35.6779184257229),126.64435601774672,35.6779184257229,전북특별자치도 부안군,1,52,전북특별자치도,52800,부안군,52800000,0,
